{
  "portfolio_return": 0.0483,
  "portfolio_volatility": 0.33541899189424546,
  "sharpe_ratio": 0.013237170653038085,
  "risk_free_rate": 0.04386000156402588,
  "num_holdings": 14,
  "concentration_risk": 1
}