{
  "optimization_successful": true,
  "optimal_weights": {
    "MAX": 0.009158904614717533,
    "RCI": 0.2,
    "XPO": 8.079423767385144e-18,
    "NX": 9.405030329838124e-18,
    "DDOG": 0.07388680924343455,
    "TNC": 0.18976042407872237,
    "PHX": 0.17823057054204505,
    "CRNT": 0.0,
    "PRU": 0.09263617572882873,
    "BHVN": 0.0,
    "ARDT": 0.15539791420864585,
    "HRTG": 0.10092920158360591,
    "CC": 1.915141493741973e-18,
    "CRM": 0.0
  },
  "portfolio_metrics": {
    "expected_return": 0.11695231434110842,
    "volatility": 0.21158453141959135,
    "sharpe_ratio": 0.34545206252405025
  },
  "improvement_vs_current": {
    "return_improvement": 0.06865231434110841,
    "sharpe_improvement": 0.33221489187101216
  },
  "optimization_config": {
    "objective": "maximize_utility",
    "target_return": 0.11,
    "max_volatility": 0.18,
    "risk_aversion": 2.0,
    "constraints": {
      "budget": 1.0,
      "long_only": true,
      "max_position": 0.2,
      "min_position": 0.01,
      "max_sector": 0.4
    },
    "trading_days_year": 252
  },
  "universe_symbols": [
    "MAX",
    "RCI",
    "XPO",
    "NX",
    "DDOG",
    "TNC",
    "PHX",
    "CRNT",
    "PRU",
    "BHVN",
    "ARDT",
    "HRTG",
    "CC",
    "CRM"
  ],
  "n_positions": 8
}